{"cv_auc_mean": 0.9965314127971583, "cv_pr_mean": 0.9891930513934402}